unit,page,part,language_name,lang_code,text
MAT/MA156-Points,1,1,Albanian,sqi-ALB,Makinë llogaritëseclose
MAT/MA156-Points,1,2,Albanian,sqi-ALB,PISA 2022
MAT/MA156-Points,1,3,Albanian,sqi-ALB,"PIKËT
Titujt e mëposhtëm për skuadrën e basketbollit të Zedlandit janë botuar në gazetën lokale.
KOHA E ZEDLANDIT
Skuadra e Basketbollit Fiton Kampionatin!
Fitoi secilën lojë këtë sezon.
Me një diferencë mesatare fituese prej 19 pikësh për këtë sezon.
Diferenca e fitores është diferenca mes numrit të pikëve të shënuara nga skuadra fituese dhe numrit të pikëve të shënuara nga skuadra humbëse gjatë një loje."
MAT/MA156-Points,1,4,Albanian,sqi-ALB,"Pikët  Pyetje 1 / 1
Referohuni ""Pikëve"" në të djathtë. Klikoni mbi një alternativë dhe më pas shtypni një shpjegim për përgjigjen e pyetjes.
Duke patur parasysh diferencën mesatare të fitores për këtë sezon, a është e mundur që skuadra, faktikisht, të mos ketë fituar kurrë një lojë me 19 pikë?
Po
Jo
Shpjegoni përgjigjen tuaj."
MAT/MA156-Points,1,5,Albanian,sqi-ALB,"C
(
)
x2
yx
√x
1/x
π
÷
7
8
9
x
4
5
6
–
1
2
3
+
0
.
+/-
="
MAT/MA156-Points,1,1,Arabic,ara-ARE,الآلة الحاسبةclose
MAT/MA156-Points,1,2,Arabic,ara-ARE,PISA 2022
MAT/MA156-Points,1,3,Arabic,ara-ARE,"النقاط
نشرت الصحيفة المحلية العناوين التالية عن فريق زدلاند لكرة السلة.
زدلاند تايمز
فوز فريق كرة السلة بالبطولة!
فاز في جميع مبارياته لهذا الموسم.
حقق هامش فوز بمتوسط 19 نقطة لهذا الموسم.
هامش الفوز هو الفرق بين عدد النقاط التي سجلها الفريق الفائز وعدد النقاط التي سجلها الفريق الخاسر في مباراة واحدة."
MAT/MA156-Points,1,4,Arabic,ara-ARE,"النقاط  سؤال 1 / 1
ارجع إلى ""النقاط"" على الجانب الأيسر. انقر على أحد الخيارات ثم اطبع شرحًا للإجابة عن السؤال.
بالنظر إلى متوسط هامش الفوز لهذا الموسم، هل يُحتمل أنه لم يسبق للفريق تحقيق الفوز بفارق 19 نقطة في أي مباراة؟
نعم
لا
اشرح إجابتك."
MAT/MA156-Points,1,5,Arabic,ara-ARE,"C
(
)
x2
yx
√x
1/x
π
÷
7
8
9
x
4
5
6
–
1
2
3
+
0
.
+/-
="
MAT/MA156-Points,1,1,Azerbaijani / Azeri,aze-QAZ,Kalkulyatorclose
MAT/MA156-Points,1,2,Azerbaijani / Azeri,aze-QAZ,PISA 2022
MAT/MA156-Points,1,3,Azerbaijani / Azeri,aze-QAZ,"XALLAR
Zedlandiyanın basketbol komandası haqqında yerli qəzetdə aşağıdakı xəbər başlıqları çıxmışdı.
ZEDLAND TIMES
Basketbol Komandası Çempionluq Qazandı!
Bu mövsümün bütün oyunlarında qalib oldu.
Bu mövsümdə orta hesabla 19 qalibiyyət marjası qazandı.
Qalibiyyət marjası bir oyunda udan komandanın qazandığı xallarla uduzan komandanın qazandığı xallar arasındakı fərqdir."
MAT/MA156-Points,1,4,Azerbaijani / Azeri,aze-QAZ,"Xallar  Sual 1 / 1
Sağdakı ""Xallar""-a istinad edin. Suala cavab vermək üçün seçiminizi klikləyin və cavabınızı izah edin.
Mövsüm üçün verilən orta qalibiyyət marjasına əsasən, mümkündürmü ki, komanda əslində heç vaxt bir oyunu 19 xalla udmayıb?
Bəli
Xeyr
Cavabınızı izah edin."
MAT/MA156-Points,1,5,Azerbaijani / Azeri,aze-QAZ,"C
(
)
x2
yx
√x
1/x
π
÷
7
8
9
x
4
5
6
–
1
2
3
+
0
,
+/-
="
MAT/MA156-Points,1,1,Basque,eus-ESP,Kalkulagailuaclose
MAT/MA156-Points,1,2,Basque,eus-ESP,PISA
MAT/MA156-Points,1,3,Basque,eus-ESP,"PUNTUAK
Zedlandiako saskibaloi-taldeari buruzko titular hauek agertu dira bertako egunkarian.
ZEDLANDIA EGUNKARIA
Saskibaloi-taldeak txapelketa irabazi du!
Denboraldi honetako partida guztiak irabazi ditu.
19 puntuko batez besteko garaipen-marjina denboraldi honetan.
Garaipen-marjina partida bateko talde irabazleak lortutako puntuen kopuruaren eta talde galtzaileak lortutakoaren arteko aldea da."
MAT/MA156-Points,1,4,Basque,eus-ESP,"Puntuak  Galdera 1 / 1
Begiratu ""Puntuak"" egoerari eskuinean. Egin klik aukera batean eta, ondoren, idatzi azalpen bat, galderari erantzuteko.
Denboraldi honetako batez besteko garaipen-marjina kontuan hartuta, posible al da taldeak partida bat 19 puntuko aldeaz inoiz irabazi ez izana?
Bai
Ez
Azaldu zure erantzuna."
MAT/MA156-Points,1,5,Basque,eus-ESP,"C
(
)
x2
yx
√x
1/x
π
÷
7
8
9
x
4
5
6
–
1
2
3
+
0
.
+/-
="
MAT/MA156-Points,1,1,Bokmål,nob-NOR,Kalkulatorclose
MAT/MA156-Points,1,2,Bokmål,nob-NOR,PISA
MAT/MA156-Points,1,3,Bokmål,nob-NOR,"POENG
I lokalavisa stod følgende overskrifter om Zedlands basketballag.
ZEDLAND TIDENDE
Basketballaget vant tittelen!
Vant alle kampene denne sesongen.
Gjennomsnittlig seiersmargin var på 19 poeng denne sesongen.
Seiersmargin er differansen mellom det antallet mål vinnerlaget scoret og det antallet mål det tapende laget scoret i én kamp."
MAT/MA156-Points,1,4,Bokmål,nob-NOR,"Poeng  Spørsmål 1 / 1
Les ""Poeng"" til høyre. Svar på spørsmålet ved å klikke på et av alternativene, og begrunn deretter svaret ditt.
Ut fra den gjennomsnittlige seiersmarginen for denne sesongen, er det mulig at laget faktisk aldri vant en kamp med 19 poeng?
Ja
Nei
Begrunn svaret ditt."
MAT/MA156-Points,1,5,Bokmål,nob-NOR,"C
(
)
x2
yx
√x
1/x
π
÷
7
8
9
x
4
5
6
–
1
2
3
+
0
,
+/-
="
MAT/MA156-Points,1,1,Bosnian,bos-BIH,Digitronclose
MAT/MA156-Points,1,2,Bosnian,bos-BIH,PISA 2022
MAT/MA156-Points,1,3,Bosnian,bos-BIH,"POENI
U lokalnim novinama pojavili su se sljedeći naslovi o košarkaškom timu Zedlanda.
ZEDLANDSKI GLAS
Košarkaški tim osvaja prvenstvo!
Pobijedili u svakoj utakmici ove sezone.
Pobjeđivali s prosječnom koš-razlikom od 19 poena ove sezone.
Koš-razlika jeste razlika između broja poena pobjedničkog tima i broja poena koji je postigao tim koji je izgubio, u jednoj utakmici."
MAT/MA156-Points,1,4,Bosnian,bos-BIH,"Poeni  Pitanje 1 / 1
Koristi informacije iz teksta „Poeni” s desne strane. Odgovori na pitanje klikom na jednu od ponuđenih opcija, a zatim ukucaj objašnjenje.
Uzimajući u obzir prosječnu koš-razliku za cijelu sezonu, da li je moguće da ovaj tim, u stvari, nikad nije dobio neku utakmicu s 19 poena razlike?
Da
Ne
Objasni svoj odgovor."
MAT/MA156-Points,1,5,Bosnian,bos-BIH,"C
(
)
x2
yx
√x
1/x
π
:
7
8
9
·
4
5
6
–
1
2
3
+
0
,
+/-
="
MAT/MA156-Points,1,1,Bulgarian,bul-BGR,Калкулаторclose
MAT/MA156-Points,1,2,Bulgarian,bul-BGR,PISA
MAT/MA156-Points,1,3,Bulgarian,bul-BGR,"ТОЧКИ
Следните новини за баскетболния отбор на Зедландия се появили в местния вестник.
ЗЕДЛАНДИЯ ДНЕС
Баскетболният ни отбор спечели шампионата!
Печели всеки мач този сезон.
Има средно 19 точки преднина при спечелен мач този сезон.
Преднина при спечелен мач е разликата между точките, отбелязани от спечелилия отбор и точките, отбелязани от загубилия отбор за един мач."
MAT/MA156-Points,1,4,Bulgarian,bul-BGR,"Точки  Въпрос 1 / 1
Използвайте ""Точки"" вдясно. Кликнете върху отговора, който смятате за правилен, и след това се аргументирайте.
Като се има предвид средната преднина при спечелен мач за сезона, възможно ли е отборът никога да не е спечелил мач с 19 точки разлика?
Да
Не
Обяснете своя отговор."
MAT/MA156-Points,1,5,Bulgarian,bul-BGR,"C
(
)
x2
yx
√x
1/x
π
÷
7
8
9
x
4
5
6
–
1
2
3
+
0
,
+/-
="
MAT/MA156-Points,1,1,Catalan,cat-ESP,Calculadoraclose
MAT/MA156-Points,1,2,Catalan,cat-ESP,PISA
MAT/MA156-Points,1,3,Catalan,cat-ESP,"PUNTS
Els titulars següents sobre l'equip de bàsquet de Zedlàndia s'han publicat al diari local.
DIARI DE ZEDLÀNDIA
L'equip de bàsquet guanya el campionat!
Ha guanyat tots els partits d'aquesta temporada.
Amb una mitjana de 19 punts d'avantatge.
L'avantatge és la diferència entre el nombre de punts marcats per l'equip guanyador i el nombre de punts marcats per l'equip perdedor en un partit."
MAT/MA156-Points,1,4,Catalan,cat-ESP,"Punts  Pregunta 1 / 1
Consulta ""Punts"" a la dreta. Clica una opció i escriu una explicació per respondre la pregunta.
Tenint en compte la mitjana de punts d'avantatge durant la temporada, és possible que l'equip no hagi guanyat cap partit per 19 punts d'avantatge?
Sí
No
Raona la resposta."
MAT/MA156-Points,1,5,Catalan,cat-ESP,"C
(
)
x2
yx
√x
1/x
π
/
7
8
9
x
4
5
6
–
1
2
3
+
0
.
+/-
="
MAT/MA156-Points,1,1,Chinese,zho-CHN,计算器close
MAT/MA156-Points,1,2,Chinese,zho-CHN,PISA
MAT/MA156-Points,1,3,Chinese,zho-CHN,"得分
当地报纸刊登了以下关于西德兰篮球队的头条新闻。
西德兰时报
篮球队赢得冠军！
在本赛季每场比赛中胜出。
本赛季平均净胜分为 19 分。
净胜分是指在一场比赛中，获胜球队得分数与落败球队得分数之间的差。"
MAT/MA156-Points,1,4,Chinese,zho-CHN,"得分  问题 1 / 1
根据右侧的材料“得分”， 点击一个选项，然后用键盘输入解释来回答本题。
就本赛季的平均净胜分来看，这支球队是否有可能从未在实际中以 19 分的优势赢得某场比赛？
是
否
解释你的答案。"
MAT/MA156-Points,1,5,Chinese,zho-CHN,"C
(
)
x2
yx
√x
1/x
π
÷
7
8
9
x
4
5
6
–
1
2
3
+
0
.
+/-
="
MAT/MA156-Points,1,1,Croatian,hrv-HRV,Kalkulatorclose
MAT/MA156-Points,1,2,Croatian,hrv-HRV,PISA
MAT/MA156-Points,1,3,Croatian,hrv-HRV,"Koševi  Pitanje 1 / 1
Prouči ""Koševe"" na desnoj strani. Odgovori na pitanje klikom na jedan od ponuđenih odgovora, a zatim utipkaj obrazloženje.
S obzirom na prosječnu koš-razliku ove sezone, je li moguće da ova momčad zapravo nikada nije dobila utakmicu s 19 koševa razlike?
Da
Ne
Obrazloži svoj odgovor:"
MAT/MA156-Points,1,4,Croatian,hrv-HRV,"KOŠEVI
Košarkaška momčad Zedlandije osvanula je na naslovnici lokalnih novina.
ZEDLANDIJSKI LIST
Košarkaška momčad osvaja prvenstvo!
Dobivene sve utakmice sezone.
Prosječna koš-razlika u sezoni: 19 koševa.
Koš-razlika je razlika između broja koševa koji je postigla pobjednička momčad i broja koševa koji je postigla gubitnička momčad u jednoj utakmici."
MAT/MA156-Points,1,5,Croatian,hrv-HRV,"C
(
)
x2
yx
√x
1/x
π
÷
7
8
9
x
4
5
6
–
1
2
3
+
0
.
+/-
="
MAT/MA156-Points,1,1,Czech,ces-CZE,Kalkulačkaclose
MAT/MA156-Points,1,2,Czech,ces-CZE,PISA
MAT/MA156-Points,1,3,Czech,ces-CZE,"BODY
Zedlandské basketbalové družstvo se dostalo na první stránky místního deníku.
ZEDLANDSKÝ ZPRAVODAJ
Basketbalové družstvo vyhrálo ligu!
Vyhrálo každý zápas sezóny
Průměrný bodový rozdíl při výhře za celou sezónu - 19 bodů
Bodový rozdíl při výhře je rozdíl mezi počtem bodů nastřílených vítězným družstvem a počtem bodů nastřílených poraženým družstvem během zápasu."
MAT/MA156-Points,1,4,Czech,ces-CZE,"Body  Otázka 1 / 1
Prostuduj si úlohu „Body“ na pravé straně. Odpověz na otázku kliknutím na jednu z možností a svoji odpověď vysvětli.
Je možné, že družstvo (ve skutečnosti) nikdy nevyhrálo zápas o 19 bodů, vycházíme-li z průměrného bodového rozdílu při výhře v této sezóně?
Ano
Ne
Svou odpověď vysvětli."
MAT/MA156-Points,1,5,Czech,ces-CZE,"C
(
)
x2
yx
√x
1/x
π
÷
7
8
9
·
4
5
6
–
1
2
3
+
0
,
+/-
="
MAT/MA156-Points,1,1,Danish,dan-DNK,Lommeregnerclose
MAT/MA156-Points,1,2,Danish,dan-DNK,PISA
MAT/MA156-Points,1,3,Danish,dan-DNK,"POINT
De følgende overskrifter om basketballholdet fra Zedland blev bragt i den lokale avis.
ZEDLAND TIDENDE
Basketballhold vinder mesterskabet!
Har vundet alle kampe i denne sæson
Har i gennemsnit en sejrsmargin på 19 point i denne sæson.
Sejrsmargin er forskellen mellem antal point scoret af det vindende hold og antal point scoret af det tabende hold i én kamp."
MAT/MA156-Points,1,4,Danish,dan-DNK,"Point  Spørgsmål 1 / 1
Tag udgangspunkt i ""Point"" vist til højre. Klik på en svarmulighed og skriv så en forklaring for at besvare spørgsmålet.
Er det muligt, at holdet rent faktisk aldrig vandt en kamp med 19 point, på baggrund af den gennemsnitlige sejrsmargin for sæsonen?
Ja
Nej
Begrund dit svar."
MAT/MA156-Points,1,5,Danish,dan-DNK,"C
(
)
x2
yx
√x
1/x
π
÷
7
8
9
x
4
5
6
–
1
2
3
+
0
,
+/-
="
MAT/MA156-Points,1,1,Dutch,nld-NLD,Rekenmachineclose
MAT/MA156-Points,1,2,Dutch,nld-NLD,PISA
MAT/MA156-Points,1,3,Dutch,nld-NLD,"PUNTEN
De volgende krantenkoppen over het basketbalteam van Zedland verschenen in de plaatselijke krant.
ZEDLAND NIEUWS
Basketbalteam wint kampioenschap!
Elke wedstrijd van dit seizoen gewonnen.
Gemiddelde winstmarge van 19 punten dit seizoen.
Winstmarge is het verschil tussen het aantal punten dat is gescoord door het winnende team en het aantal punten dat is gescoord door het verliezende team in één wedstrijd."
MAT/MA156-Points,1,4,Dutch,nld-NLD,"Punten  Vraag 1 / 1
Raadpleeg 'Punten' aan de rechterkant. Beantwoord de vraag door één van de opties aan te klikken en typ vervolgens je uitleg.
Is het, gezien de gemiddelde winstmarge van dit seizoen, mogelijk dat het team eigenlijk nooit een wedstrijd met 19 punten verschil won?
Ja
Nee
Leg je antwoord uit."
MAT/MA156-Points,1,5,Dutch,nld-NLD,"C
(
)
x2
yx
√x
1/x
π
÷
7
8
9
x
4
5
6
–
1
2
3
+
0
,
+/-
="
MAT/MA156-Points,1,1,English,eng-CAN,Calculatorclose
MAT/MA156-Points,1,2,English,eng-CAN,PISA
MAT/MA156-Points,1,3,English,eng-CAN,"POINTS
The following headlines about the Zedland basketball team appeared in the local newspaper.
ZEDLAND TIMES
Basketball Team Wins Championship!
Won every game this season.
Averaged a 19-point margin of victory this season.
Margin of victory is the difference between the number of points scored by the winning team and the number of points scored by the losing team in one game."
MAT/MA156-Points,1,4,English,eng-CAN,"Points  Question 1 / 1
Refer to “Points” on the right. Click on a choice and then type an explanation to answer the question.
Given the average margin of victory for the season, is it possible that the team never actually won a game by 19 points?
Yes
No
Explain your answer."
MAT/MA156-Points,1,5,English,eng-CAN,"C
(
)
x2
yx
√x
1/x
π
÷
7
8
9
x
4
5
6
–
1
2
3
+
0
.
+/-
="
MAT/MA156-Points,1,1,Estonian,est-EST,Kalkulaatorclose
MAT/MA156-Points,1,2,Estonian,est-EST,PISA
MAT/MA156-Points,1,3,Estonian,est-EST,"PUNKTID
Kohalikus ajalehes ilmusid Zedlandi korvpallimeeskonna kohta järgmised pealkirjad.
ZEDLANDI UUDISED
Korvpallimeeskond võitis meistrivõistlused!
Sellel hooajal võitis meeskond kõik mängud.
Mängud võideti sel hooajal keskmiselt 19-punktise ülekaaluga.
Ülekaal on võitjameeskonna visatud punktide arvu ja kaotajameeskonna visatud punktide arvu vahe ühes mängus."
MAT/MA156-Points,1,4,Estonian,est-EST,"Punktid  Küsimus 1 / 1
Toetu materjalile „Punktid” paremal. Küsimusele vastamiseks klõpsa ühte vastusevarianti ja seejärel kirjuta põhjendus.
Kas on võimalik, vaadates keskmist ülekaalu sellel hooajal, et meeskond ei võitnud tegelikult ühtegi mängu 19 punktiga?
Jah
Ei
Põhjenda vastust."
MAT/MA156-Points,1,5,Estonian,est-EST,"C
(
)
x2
yx
√x
1/x
π
/
7
8
9
*
4
5
6
–
1
2
3
+
0
,
+/-
="
MAT/MA156-Points,1,1,Finnish,fin-FIN,Laskinclose
MAT/MA156-Points,1,2,Finnish,fin-FIN,PISA
MAT/MA156-Points,1,3,Finnish,fin-FIN,"PISTEET
Paikallisessa sanomalehdessä oli seuraavat otsikot Zedlandian koripallojoukkueesta.
ZEDLANDIAN SANOMAT
Koripallojoukkue voitti mestaruuden!
Voitti jokaisen ottelun tällä kaudella.
Piste-ero oli keskimäärin 19 pistettä tällä kaudella.
Piste-ero on voittajajoukkueen saamien pisteiden ja hävinneen joukkueen saamien pisteiden erotus yhdessä ottelussa."
MAT/MA156-Points,1,4,Finnish,fin-FIN,"Pisteet  Tehtävä 1 / 1
Tarkastele oikealla olevaa ""Pisteet""-aineistoa. Vastaa napsauttamalla yhtä vaihtoehtoa ja kirjoita sitten perustelusi tyhjään tilaan.
Kun otetaan huomioon kauden keskimääräinen piste-ero, onko mahdollista, että joukkue ei koskaan voittanut ottelua 19 pisteellä?
Kyllä
Ei
Perustele vastauksesi."
MAT/MA156-Points,1,5,Finnish,fin-FIN,"C
(
)
x2
yx
√x
1/x
π
÷
7
8
9
x
4
5
6
–
1
2
3
+
0
,
+/-
="
MAT/MA156-Points,1,1,French,fra-FRA,Calculatriceclose
MAT/MA156-Points,1,2,French,fra-FRA,PISA
MAT/MA156-Points,1,3,French,fra-FRA,"POINTS
L'équipe de basketball de Zedlande fait les gros titres du journal local.
ZEDLANDE INFO
L'équipe de basket remporte le championnat !
Victorieuse à chaque match de la saison
Avec 19 points d'écart en moyenne
L'écart de points est la différence entre le nombre de points marqués par l'équipe gagnante et le nombre de points marqués par l'équipe perdante lors d'un match."
MAT/MA156-Points,1,4,French,fra-FRA,"Points   Question 1 / 1
Utilisez les informations fournies sous « Points » à droite. Cliquez sur la réponse de votre choix, puis tapez votre explication.
Compte tenu de la moyenne des écarts de points cette saison, est-il possible que l'équipe n'ait en réalité jamais gagné un match en menant de 19 points ?
Oui
Non
Expliquez votre réponse."
MAT/MA156-Points,1,5,French,fra-FRA,"C
(
)
x2
yx
√x
1/x
π
÷
7
8
9
x
4
5
6
–
1
2
3
+
0
,
+/-
="
MAT/MA156-Points,1,1,Galician,glg-ESP,Calculadoraclose
MAT/MA156-Points,1,2,Galician,glg-ESP,PISA
MAT/MA156-Points,1,3,Galician,glg-ESP,"PUNTOS
Os seguintes titulares sobre o equipo de baloncesto de Zedland apareceron no xornal local.
DIARIO DE ZEDLAND
O equipo de baloncesto gaña o campionato!
Gañou todos os partidos desta tempada.
Obtivo de media 19 puntos de marxe de vitoria esta tempada.
A marxe de vitoria é a diferenza entre o número de puntos anotados polo equipo gañador e o número de puntos anotados polo equipo perdedor nun partido."
MAT/MA156-Points,1,4,Galician,glg-ESP,"Puntos  Pregunta 1 / 1
Consulta o artigo ""Puntos"" da dereita. Fai clic nunha opción e escribe unha explicación para responderes a pregunta.
Tendo en conta a media da marxe de vitoria para a tempada, é posible que o equipo nunca tivese gañado un partido por 19 puntos?
Si
Non
Explica a túa resposta."
MAT/MA156-Points,1,5,Galician,glg-ESP,"C
(
)
x2
yx
√x
1/x
π
/
7
8
9
*
4
5
6
–
1
2
3
+
0
,
+/-
="
MAT/MA156-Points,1,1,Georgian,geo-GEO,კალკულატორიclose
MAT/MA156-Points,1,2,Georgian,geo-GEO,PISA 2022
MAT/MA156-Points,1,3,Georgian,geo-GEO,"ქულები
ადგილობრივ გაზეთში ზედლანდის კალათბურთის გუნდის შესახებ შემდეგი სათაურები გამოჩნდა.
ზედლანდის მაცნე
კალათბურთის გუნდი ჩემპიონატში იმარჯვებს!
სეზონის ყველა თამაში მოგებულია.
საშუალოდ 19-ქულიანი უპირატესობა ამ სეზონში.
ქულების უპირატესობა არის გამარჯვებული გუნდის მიერ მოპოვებულ ქულებსა და დამარცხებული გუნდის მიერ მოპოვებულ ქულებს შორის სხვაობა ერთ თამაშში."
MAT/MA156-Points,1,4,Georgian,geo-GEO,"ქულები  შეკითხვა 1 / 1
გამოიყენეთ მარჯვნივ გამოტანილი დავალება „ქულები“. დააჭირეთ არჩევანს და შემდეგ დაწერეთ თქვენი პასუხის დასაბუთება.
ამ სეზონის ქულების საშუალო უპირატესობიდან გამომდინარე, შესაძლებელია თუ არა, რომ გუნდს არასოდეს მოუგია თამაში 19 ქულით?
დიახ
არა
დაასაბუთეთ თქვენი პასუხი."
MAT/MA156-Points,1,5,Georgian,geo-GEO,"C
(
)
x2
yx
√x
1/x
π
÷
7
8
9
x
4
5
6
–
1
2
3
+
0
,
+/-
="
MAT/MA156-Points,1,1,German,deu-DEU,Taschenrechnerclose
MAT/MA156-Points,1,2,German,deu-DEU,PISA
MAT/MA156-Points,1,3,German,deu-DEU,"PUNKTE
Die folgenden Schlagzeilen über die Basketballmannschaft von Zedland erschienen in der Lokalzeitung.
ZEDLAND NACHRICHTEN
Basketballmannschaft gewinnt die Meisterschaft!
Jedes Spiel in dieser Saison gewonnen.
Durchschnittlich 19 Punkte Vorsprung in dieser Saison.
Der Punktevorspung ist die Differenz der Punkte, die die siegreiche Mannschaft in einem Spiel erzielt hat und den Punkten, die von der Verlierermannschaft erzielt wurden."
MAT/MA156-Points,1,4,German,deu-DEU,"Punkte  Frage 1 / 1
Beziehe dich auf „Punkte“ auf der rechten Seite. Klicke eine Antwort an und gib dann eine Erklärung ein, um die Frage zu beantworten.
Ist es angesichts des durchschnittlichen Punktevorsprungs in der Saison möglich, dass die Mannschaft kein einziges Spiel tatsächlich mit 19 Punkten Vorsprung gewonnen hat?
Ja
Nein
Erkläre deine Antwort."
MAT/MA156-Points,1,5,German,deu-DEU,"C
(
)
x2
yx
√x
1/x
π
÷
7
8
9
x
4
5
6
–
1
2
3
+
0
.
+/-
="
MAT/MA156-Points,1,1,Greek,ell-GRC,Κομπιουτεράκιclose
MAT/MA156-Points,1,2,Greek,ell-GRC,PISA
MAT/MA156-Points,1,3,Greek,ell-GRC,"Πόντοι  Ερώτηση 1 / 1
Να λάβεις υπόψη το «Πόντοι» στα δεξιά. Κάνε κλικ σε μια επιλογή και μετά πληκτρολόγησε μια εξήγηση, για να απαντήσεις στην ερώτηση.
Λαμβάνοντας υπόψη το μέσο περιθώριο νίκης για τη σεζόν, είναι πιθανόν η ομάδα να μην κέρδισε ποτέ στην πραγματικότητα ένα παιχνίδι με διαφορά 19 πόντων;
Ναι
Όχι
Να αιτιολογήσεις την απάντησή σου."
MAT/MA156-Points,1,4,Greek,ell-GRC,"ΠΟΝΤΟΙ
Η ομάδα μπάσκετ της χώρας Ζεντ βρίσκεται στο πρωτοσέλιδο της τοπικής εφημερίδας.
ΤΑ ΝΕΑ ΤΗΣ ΖΕΝΤ
Η ομάδα μπάσκετ πήρε το πρωτάθλημα!
Κέρδισε όλα τα παιχνίδια της σεζόν.
Με 19 πόντους μέσο περιθώριο νίκης.
Το περιθώριο νίκης είναι η διαφορά ανάμεσα στον αριθμό των πόντων που βάζει η νικήτρια ομάδα και τον αριθμό των πόντων που βάζει η ηττημένη ομάδα, κατά τη διάρκεια ενός παιχνιδιού."
MAT/MA156-Points,1,5,Greek,ell-GRC,"C
(
)
x2
yx
√x
1/x
π
÷
7
8
9
x
4
5
6
–
1
2
3
+
0
.
+/-
="
MAT/MA156-Points,1,1,Hebrew,heb-ISR,מחשבוןclose
MAT/MA156-Points,1,2,Hebrew,heb-ISR,PISA 2022
MAT/MA156-Points,1,3,Hebrew,heb-ISR,"נקודות
נבחרת הכדורסל של זדלנד עלתה לכותרות הראשיות בעיתון המקומי.
ידיעות זדלנד
נבחרת הכדורסל זכתה באליפות!
ניצחה בכל המשחקים העונה.
השיגה הפרש נקודות ממוצע של 19 נקודות.
הפרש הנקודות הוא הפער בין מספר הנקודות שהשיגה הנבחרת המנצחת לבין מספר הנקודות שהשיגה הנבחרת המפסידה באותו משחק."
MAT/MA156-Points,1,4,Hebrew,heb-ISR,"נקודות  שאלה 1 מתוך 1
היעזרו בקטע ""נקודות"" שבצד שמאל. כדי לענות על השאלה, סמנו את תשובתכם והקלידו את ההסבר.
לפי הנתון על הפרש הנקודות הממוצע לעונה זו, האם ייתכן שלמעשה הנבחרת לא ניצחה בשום משחק בהפרש של 19 נקודות?
כן
לא
הסבירו את תשובתכם."
MAT/MA156-Points,1,5,Hebrew,heb-ISR,"C
(
)
x2
yx
√x
1/x
π
÷
7
8
9
x
4
5
6
–
1
2
3
+
0
.
+/-
="
MAT/MA156-Points,1,1,Hungarian,hun-HUN,Számológépclose
MAT/MA156-Points,1,2,Hungarian,hun-HUN,PISA
MAT/MA156-Points,1,3,Hungarian,hun-HUN,"PONTOK
Zedország kosárcsapata a helyi újság címlapjára került.
Zedországi Hírlap
Bajnok lett a kosárlabdacsapat!
A szezon minden mérkőzését megnyerte.
Az átlagos pontkülönbség 19 pont volt.
Pontkülönbség alatt a győztes és a vesztes csapat által szerzett pontok különbségét értjük."
MAT/MA156-Points,1,4,Hungarian,hun-HUN,"Pontok  Kérdés 1 / 1
A jobbra látható „Pontok"" című szöveg alapján válaszolj a kérdésre! A kérdés megválaszolásához kattints az egyik válaszlehetőségre, majd gépelj be egy magyarázatot!
Ilyen átlagos pontkülönbség mellett lehetséges-e, hogy a szezonban a csapat egyszer sem nyert éppen 19 ponttal?
Igen
Nem
Indokold meg a válaszodat!"
MAT/MA156-Points,1,5,Hungarian,hun-HUN,"C
(
)
x2
yx
√x
1/x
π
÷
7
8
9
x
4
5
6
–
1
2
3
+
0
,
+/-
="
MAT/MA156-Points,1,1,Icelandic,isl-ISL,Reiknivélclose
MAT/MA156-Points,1,2,Icelandic,isl-ISL,PISA
MAT/MA156-Points,1,3,Icelandic,isl-ISL,"STIG
Eftirfarandi fyrirsagnir um körfuboltalið Setulands birtust í Setulandsfréttum.
SETULANDSFRÉTTIR
Körfuboltaliðið vinnur meistaratitil!
Vann alla leiki á keppnistímabilinu.
Sigraði að meðaltali með 19 stiga mun á keppnistímabilinu.
Stigamunur er munurinn á fjölda stiga sem sigurliðið skorar og fjölda stiga sem tapliðið skorar í einum leik."
MAT/MA156-Points,1,4,Icelandic,isl-ISL,"Stig  Spurning 1 / 1
Skoðaðu „Stig“ hér til hægri. Smelltu á valmöguleika og ritaðu síðan útskýringu til að svara spurningunni.
Miðað við hvað liðið sigraði með miklum stigamun að meðaltali, er þá hugsanlegt að liðið hafi í rauninni aldrei unnið leik með 19 stiga mun?
Já
Nei
Útskýrðu svar þitt."
MAT/MA156-Points,1,5,Icelandic,isl-ISL,"C
(
)
x2
yx
√x
1/x
π
÷
7
8
9
x
4
5
6
–
1
2
3
+
0
.
+/-
="
MAT/MA156-Points,1,1,Indonesian,ind-IDN,Kalkulatorclose
MAT/MA156-Points,1,2,Indonesian,ind-IDN,PISA 2022
MAT/MA156-Points,1,3,Indonesian,ind-IDN,"SKOR PERTANDINGAN
Berikut ini halaman muka koran setempat tentang tim basket Zedland.
HARIAN ZEDLAND
Tim Basket Kita Juara!
Selalu menang setiap pertandingan pada musim ini.
Rata-rata beda kemenangan pada musim ini adalah 19 poin.
Beda kemenangan adalah selisih antara skor tim yang menang dengan skor tim yang kalah pada suatu pertandingan."
MAT/MA156-Points,1,4,Indonesian,ind-IDN,"Skor Pertandingan  Pertanyaan 1 / 1
Perhatikan teks ""Skor Pertandingan"" di samping. Klik pada satu pilihan jawaban dan ketiklah penjelasan untuk jawabanmu.
Dengan rata-rata beda kemenangan yang diberikan untuk musim pertandingan tersebut, apakah mungkin tim basket ini sebenarnya tidak pernah memenangkan pertandingan dengan selisih 19 poin?
Ya
Tidak
Jelaskan jawabanmu."
MAT/MA156-Points,1,5,Indonesian,ind-IDN,"C
(
)
x2
yx
√x
1/x
π
÷
7
8
9
x
4
5
6
–
1
2
3
+
0
.
+/-
="
MAT/MA156-Points,1,1,Italian,ita-ITA,Calcolatriceclose
MAT/MA156-Points,1,2,Italian,ita-ITA,PISA
MAT/MA156-Points,1,3,Italian,ita-ITA,"PUNTI
Sul giornale locale sono apparse le seguenti notizie riguardo alla squadra di pallacanestro della Zedlandia.
ZEDLANDIA OGGI
La squadra di pallacanestro vince il campionato!
Ha vinto tutte le partite di questa stagione.
In questa stagione ha ottenuto in media un vantaggio di 19 punti.
Il vantaggio è la differenza tra il numero di punti segnati dalla squadra vincente e il numero di punti segnati dalla squadra perdente in una partita."
MAT/MA156-Points,1,4,Italian,ita-ITA,"Punti  Domanda 1 / 1
Fai riferimento a “Punti” presentato sulla destra. Clicca su un'alternativa e poi digita una spiegazione per rispondere alla domanda.
Dato il vantaggio medio della stagione, è possibile che la squadra in realtà non abbia mai vinto una partita con 19 punti di vantaggio?
Sì
No
Spiega la tua risposta."
MAT/MA156-Points,1,5,Italian,ita-ITA,"C
(
)
x2
yx
√x
1/x
π
:
7
8
9
x
4
5
6
–
1
2
3
+
0
,
+/-
="
MAT/MA156-Points,1,1,Japanese,jpn-JPN,電卓close
MAT/MA156-Points,1,2,Japanese,jpn-JPN,PISA 2022
MAT/MA156-Points,1,3,Japanese,jpn-JPN,"得点  問 1 / 1
右の「得点」を読んで、 下の問いの答えを一つクリックし、その理由を入力してください。
このシーズンの得点差の平均を踏まえると、このチームが実際にはどの試合でも19点差で勝ったことがないということはありえますか。
はい
いいえ
理由を説明してください。"
MAT/MA156-Points,1,4,Japanese,jpn-JPN,"得点
地元の新聞に、ゼットランド・バスケットボールチームについての以下の見出しが載りました。
ゼットランド新聞
バスケットボールチーム大会優勝！
今シーズン全試合で勝利
今シーズンの得点差の平均は19点
得点差とは、ある試合で勝ったチームが得た点数と負けたチームが得た点数の差のことです。"
MAT/MA156-Points,1,5,Japanese,jpn-JPN,"C
(
)
x2
yx
√x
1/x
π
÷
7
8
9
x
4
5
6
–
1
2
3
+
0
.
+/-
="
MAT/MA156-Points,1,1,Kazakh,kaz-KAZ,Калькуляторclose
MAT/MA156-Points,1,2,Kazakh,kaz-KAZ,PISA 2022
MAT/MA156-Points,1,3,Kazakh,kaz-KAZ,"ҰПАЙЛАР
Зедландия баскетбол командасы туралы келесі ақпараттар жергілікті газет бетінде пайда болды.
ЗЕДЛАНДИЯ ЖАҢАЛЫҚТАРЫ
Баскетбол командасы жарыста жеңіске жетті!
Осы маусымда барлық ойынды ұтты.
Осы маусымда әр ойынды орташа есеппен қарсылас-тарынан 19 ұпай артық жинап жеңді.
Ұпай артық жинап жеңу – бұл бір ойын ішінде жеңген команданың жинаған ұпай санымен ұтылған команданың жинаған ұпай санының айырмашылығы."
MAT/MA156-Points,1,4,Kazakh,kaz-KAZ,"Ұпайлар  Сұрақ 1 / 1
Оң жақтағы «Ұпайлар» мәтінін оқыңыз. Сұраққа жауап беру үшін таңдаған жауабыңыздың үстінен тінтуірмен басыңыз және өз жауабыңызды түсіндіріңіз.
Бір маусымда команданың орташа есеппен ұпай артық жинап жеңгенін ескерсек, олар ойынды шын мәнінде ешқашан 19 ұпай артық жинап жеңбегені мүмкін бе?
Иә
Жоқ
Жауабыңызды түсіндіріңіз."
MAT/MA156-Points,1,5,Kazakh,kaz-KAZ,"C
(
)
x2
yx
√x
1/x
π
÷
7
8
9
x
4
5
6
–
1
2
3
+
0
.
+/-
="
MAT/MA156-Points,1,1,Korean,kor-KOR,계산기close
MAT/MA156-Points,1,2,Korean,kor-KOR,PISA
MAT/MA156-Points,1,3,Korean,kor-KOR,"득점
다음은 지역 신문에 게재된 제드랜드 농구팀에 관한 헤드라인 뉴스이다.
제드랜드 타임즈
농구팀 우승!
이번 시즌 모든 경기에서 승리
이번 시즌 득점차는 평균 19점
득점차는 한 경기에서 이긴 팀이 얻은 점수와 진 팀이 얻은 점수의 차이다."
MAT/MA156-Points,1,4,Korean,kor-KOR,"득점  문제 1 / 1
오른쪽 '득점'을 참고하시오. 선택지를 하나 클릭하고 물음에 대한 답을 설명하시오.
이번 시즌의 평균 득점차를 고려했을 때, 이 팀이 실제로 19점 차로 이긴 경기가 없다는 것이 가능한가?
예
아니요
이유를 설명하시오."
MAT/MA156-Points,1,5,Korean,kor-KOR,"C
(
)
x2
xy
√x
1/x
π
÷
7
8
9
×
4
5
6
–
1
2
3
+
0
.
+/-
="
MAT/MA156-Points,1,1,Latvian,lav-LVA,Kalkulatorsclose
MAT/MA156-Points,1,2,Latvian,lav-LVA,PISA
MAT/MA156-Points,1,3,Latvian,lav-LVA,"PUNKTI
Vietējā avīzē parādījās šādi virsraksti par Zedlandes basketbola komandu.
ZEDLANDES ZIŅAS
Basketbola komanda gūst uzvaru čempionātā!
Uzvarētas visas spēles šajā sezonā.
Vidējais šīs sezonas punktu pārsvars — 19 punkti.
Punktu pārsvars ir starpība starp punktu skaitu, ko spēles laikā gūst uzvarētāju komanda, un punktu skaitu, ko gūst zaudētāju komanda."
MAT/MA156-Points,1,4,Latvian,lav-LVA,"Punkti  Jautājums 1 / 1
Aplūko labajā pusē doto informāciju ""Punkti"". Noklikšķini uz atbildes varianta un tad uzraksti paskaidrojumu, lai atbildētu uz jautājumu.
Ņemot vērā vidējo punktu pārsvaru sezonā, vai ir iespējams, ka komanda nekad nav uzvarējusi spēli ar 19 punktu starpību?
Jā
Nē
Paskaidro savu atbildi."
MAT/MA156-Points,1,5,Latvian,lav-LVA,"C
(
)
x2
yx
√x
1/x
π
÷
7
8
9
x
4
5
6
–
1
2
3
+
0
.
+/-
="
MAT/MA156-Points,1,1,Lithuanian,lit-LTU,Skaičiuotuvasclose
MAT/MA156-Points,1,2,Lithuanian,lit-LTU,Programme for International Student Assessment
MAT/MA156-Points,1,3,Lithuanian,lit-LTU,"TAŠKAI
Vietos laikraštyje pasirodė toliau pateikta informacija apie Zedlandijos krepšinio komandą:
ZEDLANDIJOS RYTAS
Krepšinio komanda laimėjo čempionatą!
Laimėjo visas šio sezono rungtynes.
Šį sezoną rungtynes laimėdavo vidutiniškai 19 taškų skirtumu.
Taškų skirtumas yra rungtynes laimėjusios ir pralaimėjusios komandos pelnytų taškų per vienas rungtynes skaičiaus skirtumas."
MAT/MA156-Points,1,4,Lithuanian,lit-LTU,"Taškai  Klausimas 1 / 1
Remdamiesi dešinėje pateikta užduoties „Taškai“ informacija, pasirinkite atsakymą ir įrašykite paaiškinimą.
Atsižvelgiant į vidutinį sezono taškų skirtumą, ar gali būti, kad komanda iš tikrųjų nelaimėjo nė vienų rungtynių 19 taškų skirtumu?
Taip
Ne
Paaiškinkite savo atsakymą."
MAT/MA156-Points,1,5,Lithuanian,lit-LTU,"C
(
)
x2
yx
√x
1/x
π
/
7
8
9
x
4
5
6
–
1
2
3
+
0
,
+/-
="
MAT/MA156-Points,1,1,Malay,msa-MYS,Kalkulatorclose
MAT/MA156-Points,1,2,Malay,msa-MYS,PISA
MAT/MA156-Points,1,3,Malay,msa-MYS,"MATA JARINGAN
Tajuk utama berikut adalah tentang pasukan bola keranjang Zedland yang dipaparkan dalam surat khabar tempatan.
ZEDLAND TIMES
Pasukan Bola Keranjang Menang Kejohanan!
Menang setiap perlawanan musim ini.
Purata margin kemenangan 19 mata dalam musim ini.
Margin kemenangan ialah perbezaan antara bilangan mata yang diperoleh pasukan yang menang dengan bilangan mata yang diperoleh pasukan yang kalah dalam satu perlawanan."
MAT/MA156-Points,1,4,Malay,msa-MYS,"Mata Jaringan  Soalan 1 / 1
Rujuk ""Mata Jaringan"" di sebelah kanan. Klik pada satu pilihan jawapan dan kemudian taipkan penjelasan untuk menjawab soalan.
Berdasarkan purata margin kemenangan musim ini, adakah mungkin pasukan ini tidak pernah memenangi perlawanan dengan 19 mata?
Ya
Tidak
Terangkan jawapan anda."
MAT/MA156-Points,1,5,Malay,msa-MYS,"C
(
)
x2
yx
√x
1/x
π
÷
7
8
9
x
4
5
6
–
1
2
3
+
0
.
+/-
="
MAT/MA156-Points,1,1,Nynorsk,nno-NOR,Kalkulatorclose
MAT/MA156-Points,1,2,Nynorsk,nno-NOR,PISA
MAT/MA156-Points,1,3,Nynorsk,nno-NOR,"POENG
I lokalavisa stod desse overskriftene om basketballaget til Zedland.
ZEDLAND TIDENDE
Basketballaget vann tittelen!
Vann alle kampane denne sesongen.
Gjennomsnittleg sigersmargin var på 19 poeng denne sesongen.
Sigersmargin er differansen mellom det talet på mål vinnarlaget skåra og det talet på mål det tapande laget skåra i éin kamp."
MAT/MA156-Points,1,4,Nynorsk,nno-NOR,"Poeng  Spørsmål 1 / 1
Les ""Poeng"" til høgre. Svar på spørsmålet ved å klikke på eit av alternativa, og grunngi deretter svaret ditt.
Ut frå den gjennomsnittlege sigersmarginen denne sesongen, er det mogleg at laget faktisk aldri vann ein kamp med 19 poeng?
Ja
Nei
Grunngi svaret ditt."
MAT/MA156-Points,1,5,Nynorsk,nno-NOR,"C
(
)
x2
yx
√x
1/x
π
÷
7
8
9
x
4
5
6
–
1
2
3
+
0
,
+/-
="
MAT/MA156-Points,1,1,Polish,pol-POL,Kalkulatorclose
MAT/MA156-Points,1,2,Polish,pol-POL,PISA
MAT/MA156-Points,1,3,Polish,pol-POL,"PUNKTY
Drużyna koszykówki Zedlandii trafiła na pierwszą stronę lokalnej gazety.
GAZETA ZEDLANDZKA
Drużyna koszykówki wygrywa mistrzostwa!
Zwycięstwo w każdym meczu sezonu.
Średnio 19 punktów różnicy w tym sezonie.
Różnica punktów oznacza różnicę między liczbą punktów zdobytych w meczu przez drużynę zwycięską, a liczbą punktów zdobytych w tym meczu przez drużynę przegraną."
MAT/MA156-Points,1,4,Polish,pol-POL,"Punkty  Pytanie 1 / 1
Zapoznaj się z informacjami do zadania „Punkty” po prawej stronie. Kliknij, aby wybrać odpowiedź, a następnie wpisz wyjaśnienie, uzasadniając swój wybór.
Biorąc pod uwagę średnią różnicę punktów w tym sezonie, czy możliwe jest, żeby drużyna w rzeczywistości nigdy nie wygrała meczu, prowadząc 19 punktami?
Tak
Nie
Wyjaśnij swoją odpowiedź."
MAT/MA156-Points,1,5,Polish,pol-POL,"C
(
)
x2
yx
√x
1/x
π
÷
7
8
9
*
4
5
6
–
1
2
3
+
0
,
+/-
="
MAT/MA156-Points,1,1,Portuguese,por-PRT,Calculadoraclose
MAT/MA156-Points,1,2,Portuguese,por-PRT,PISA
MAT/MA156-Points,1,3,Portuguese,por-PRT,"PONTOS
Na primeira página de um jornal local foi publicada a notícia seguinte sobre a equipa de basquetebol da Zedlândia.
CORREIO DA ZEDLÂNDIA
Equipa de basquetebol ganha o campeonato!
Ganhou todos os jogos da temporada.
Média de vantagem de 19 pontos nesta temporada.
Vantagem é a diferença entre o número de pontos obtidos pela equipa vencedora e o número de pontos obtidos pela equipa derrotada num jogo."
MAT/MA156-Points,1,4,Portuguese,por-PRT,"Pontos  Questão 1 / 1
Considera a informação em «Pontos», apresentada à direita. Para responderes à questão, seleciona uma opção e depois escreve uma justificação.
Tendo em conta a média de vantagem nesta temporada, é possível que a equipa não tenha vencido nenhum jogo por 19 pontos?
Sim
Não
Justifica a tua resposta."
MAT/MA156-Points,1,5,Portuguese,por-PRT,"C
(
)
x2
yx
√x
1/x
π
÷
7
8
9
x
4
5
6
–
1
2
3
+
0
.
+/-
="
MAT/MA156-Points,1,1,Russian,rus-KAZ,Калькуляторclose
MAT/MA156-Points,1,2,Russian,rus-KAZ,PISA 2022
MAT/MA156-Points,1,3,Russian,rus-KAZ,"C
(
)
x2
yx
√x
1/x
π
÷
7
8
9
x
4
5
6
–
1
2
3
+
0
.
+/-
="
MAT/MA156-Points,1,4,Russian,rus-KAZ,"ОЧКИ
Следующие заголовки о баскетбольной команде Зедландии появились в местной газете.
НОВОСТИ ЗЕДЛАНДИИ
Баскетбольная команда выигрывает чемпионат!
Выиграли все матчи в этом сезоне.
В этом сезоне они выигрывали с преимуществом в среднем 19 очков.
Преимущество — это разница между количеством очков, набранных командой-победителем, и количеством очков, набранных проигравшей командой в одной игре."
MAT/MA156-Points,1,5,Russian,rus-KAZ,"Очки  Вопрос 1 / 1
Посмотрите на задание «Очки» справа. Выберите ответ, кликните по нему мышью, а затем напечатайте пояснение к Вашему ответу.
Учитывая среднее преимущество в этом сезоне, возможно ли, что команда на самом деле ни разу не выиграла игру с преимуществом 19 очков?
Да
Нет
Объясните свой ответ."
MAT/MA156-Points,1,1,Serbian / Serb,srp-SRB,Kalkulatorclose
MAT/MA156-Points,1,2,Serbian / Serb,srp-SRB,PISA 2022
MAT/MA156-Points,1,3,Serbian / Serb,srp-SRB,"POENI
U lokalnim novinama pojavili su se sledeći naslovi o košarkaškom timu Zedlanda.
ZEDLANDSKI GLAS
Košarkaški tim osvaja prvenstvo!
Pobedili u svakoj utakmici ove sezone
Pobeđivali sa prosečnom koš-razlikom od 19 poena ove sezone
Koš-razlika jeste razlika između broja poena pobedničkog tima i broja poena koji je postigao tim koji je izgubio, u jednoj utakmici."
MAT/MA156-Points,1,4,Serbian / Serb,srp-SRB,"Poeni  Pitanje 1 / 1
Koristi informacije iz teksta „Poeni” sa desne strane. Odgovori na pitanje tako što ćeš kliknuti ispred izabranog odgovora, a zatim obrazloži svoj izbor.
Uzimajući u obzir prosečnu koš-razliku za celu sezonu, da li je moguće da ovaj tim, u stvari, nikad nije dobio neku utakmicu sa 19 poena razlike?
Da
Ne
Obrazloži svoj odgovor."
MAT/MA156-Points,1,5,Serbian / Serb,srp-SRB,"C
(
)
x2
yx
√x
1/x
π
÷
7
8
9
x
4
5
6
–
1
2
3
+
0
.
+/-
="
MAT/MA156-Points,1,1,Slovak,slo-SVK,Kalkulačkaclose
MAT/MA156-Points,1,2,Slovak,slo-SVK,PISA
MAT/MA156-Points,1,3,Slovak,slo-SVK,"BODY
V miestnych novinách sa objavil nasledujúci titulok o zedlandskom basketbalovom družstve.
ZEDLANDSKÉ ZVESTI
Basketbalové družstvo vyhralo turnaj!
Vyhrali všetky zápasy tejto sezóny.
Priemerne 19-bodový náskok v každej hre tejto sezóny.
Bodový náskok je rozdiel medzi počtom bodov, ktoré v jednej hre získa víťazné družstvo, a počtom bodov, ktoré získa porazené družstvo."
MAT/MA156-Points,1,4,Slovak,slo-SVK,"Body  Otázka 1 / 1
Použi informácie z materiálu „Body“ na pravej strane. Klikni na jednu z možností a potom vysvetli svoju odpoveď na otázku.
Je vzhľadom na priemerný bodový náskok v sezóne možné, aby družstvo v skutočnosti nikdy nevyhralo hru s rozdielom 19 bodov?
Áno
Nie
Svoju odpoveď vysvetli."
MAT/MA156-Points,1,5,Slovak,slo-SVK,"C
(
)
x2
yx
√x
1/x
π
÷
7
8
9
x
4
5
6
–
1
2
3
+
0
,
+/-
="
MAT/MA156-Points,1,1,Slovenian,slv-SVN,Računaloclose
MAT/MA156-Points,1,2,Slovenian,slv-SVN,PISA
MAT/MA156-Points,1,3,Slovenian,slv-SVN,"TOČKE
V lokalnem časopisu so objavili novico o zedlandski košarkarski ekipi.
ZEDLANDSKE NOVICE
Košarkarska ekipa osvojila prvenstvo
Zmagala je v vseh tekmah te sezone.
V povprečju je zmagala z razliko 19 točk.
Razlika v točkah je razlika med številom točk, ki jih je na neki tekmi osvojila zmagovalna ekipa, in številom točk, ki jih je osvojila poražena ekipa."
MAT/MA156-Points,1,4,Slovenian,slv-SVN,"Točke  Vprašanje 1 / 1
Pomagaj si z besedilom ""Točke"" na desni. Na vprašanje odgovori tako, da najprej klikneš enega izmed odgovorov, nato pa vtipkaš svojo utemeljitev.
Ali je glede na povprečno razliko v točkah v tej sezoni mogoče, da ekipa v nobeni tekmi ni zmagala z 19 točkami razlike?
Da
Ne
Razloži svoj odgovor."
MAT/MA156-Points,1,5,Slovenian,slv-SVN,"C
(
)
x2
yx
√x
1/x
π
÷
7
8
9
x
4
5
6
–
1
2
3
+
0
,
+/-
="
MAT/MA156-Points,1,1,Spanish,esp-ESP,Calculadoraclose
MAT/MA156-Points,1,2,Spanish,esp-ESP,PISA
MAT/MA156-Points,1,3,Spanish,esp-ESP,"PUNTOS
El equipo de baloncesto de Zedlandia ha aparecido en los siguientes titulares del periódico local.
ZEDLANDIA HOY
¡El equipo de baloncesto gana el campeonato!
Ha ganado todos los partidos de la temporada.
Registra una media de 19 puntos de diferencia.
La diferencia de puntos es la diferencia entre el número de puntos marcados por el equipo ganador y el número de puntos marcados por el equipo perdedor en un partido."
MAT/MA156-Points,1,4,Spanish,esp-ESP,"Puntos  Pregunta 1 / 1
Lee ""Puntos"" a la derecha. Pulsa en una opción y después escribe una explicación para responder a la pregunta.
Dada la diferencia media de puntos de la temporada, ¿es posible que en realidad el equipo no haya ganado ningún partido por 19 puntos?
Sí
No
Justifica tu respuesta."
MAT/MA156-Points,1,5,Spanish,esp-ESP,"C
(
)
x2
yx
√x
1/x
π
/
7
8
9
*
4
5
6
–
1
2
3
+
0
,
+/-
="
MAT/MA156-Points,1,1,Swedish,swe-SWE,Miniräknareclose
MAT/MA156-Points,1,2,Swedish,swe-SWE,PISA
MAT/MA156-Points,1,3,Swedish,swe-SWE,"POÄNG
Följande rubriker om Zedlands basketlag fanns att läsa i lokaltidningen.
ZEDLANDS DAGBLAD
Basketlaget vinner mästerskapet!
Vann varenda match den här säsongen.
Hade en genomsnittlig poängskillnad på 19 poäng under säsongen.
Poängskillnad är skillnaden mellan antalet poäng som det vinnande laget har gjort och antalet poäng som det förlorande laget har gjort."
MAT/MA156-Points,1,4,Swedish,swe-SWE,"Poäng  Fråga 1 / 1
Utgå från ""Poäng"" till höger. Svara på frågan genom att markera ett av alternativen och ge sedan en förklaring.
Är det möjligt att laget aldrig har vunnit en match med 19 poäng, med tanke på den genomsnittliga poängskillnaden för säsongen?
Ja
Nej
Förklara ditt svar."
MAT/MA156-Points,1,5,Swedish,swe-SWE,"C
(
)
x2
yx
√x
1/x
π
÷
7
8
9
x
4
5
6
–
1
2
3
+
0
.
+/-
="
MAT/MA156-Points,1,1,Thai,tha-THA,เครื่องคิดเลขclose
MAT/MA156-Points,1,2,Thai,tha-THA,PISA
MAT/MA156-Points,1,3,Thai,tha-THA,"คะแนน
หนังสือพิมพ์ท้องถิ่นพาดหัวข้อข่าวเกี่ยวกับทีมบาสเก็ตบอลของเซดแลนด์ ดังนี้
เซดแลนด์ไทม์
ทีมบาสเก็ตบอลได้แชมป์การแข่งขัน!
ชนะทุกเกมในฤดูกาลนี้
ได้ค่าเฉลี่ยของแต้มต่างของการชนะอยู่ที่ 19 คะแนน ในฤดูกาลนี้
แต้มต่างของการชนะ คือ ผลต่างระหว่างจำนวนแต้มที่ทีมผู้ชนะทำได้กับจำนวนแต้มที่ทีมผู้แพ้ทำได้ในหนึ่งเกม"
MAT/MA156-Points,1,4,Thai,tha-THA,"คะแนน  คำถามที่ 1 / 1
จากเรื่อง “คะแนน” ทางด้านขวา ให้คลิกหนึ่งตัวเลือก แล้วพิมพ์คำอธิบายเพื่อตอบคำถาม
จากค่าเฉลี่ยของแต้มต่างของการชนะในฤดูกาลนี้ เป็นไปได้ใช่หรือไม่ที่ทีมจะไม่เคยชนะด้วยแต้มที่ต่างกัน 19 คะแนน เลยสักครั้ง
ใช่
ไม่ใช่
จงอธิบายคำตอบของนักเรียน"
MAT/MA156-Points,1,5,Thai,tha-THA,"C
(
)
x2
yx
√x
1/x
π
÷
7
8
9
x
4
5
6
–
1
2
3
+
0
.
+/-
="
MAT/MA156-Points,1,1,Turkish,tur-TUR,Hesap Makinesiclose
MAT/MA156-Points,1,2,Turkish,tur-TUR,PISA
MAT/MA156-Points,1,3,Turkish,tur-TUR,"SAYI
Yerel bir gazetede Zed basketbol takımı ile ilgili aşağıdaki manşet yer almıştır.
ZED HABER
Basketbol Takımı Şampiyonayı Kazandı!
Bu sezon bütün maçları kazandı.
Bu sezondaki ortalama başarı marjı 19 sayıdır.
Başarı marjı, bir maçta kazanan takımın aldığı sayı ve kaybeden takımın aldığı sayı arasındaki farktır."
MAT/MA156-Points,1,4,Turkish,tur-TUR,"Sayı  Soru 1 / 1
Sağdaki ""Sayı""dan yararlanınız. Soruyu cevaplamak için seçeneklerden birine tıklayınız ve sonra bir açıklama yazınız.
Bu sezon için ortalama başarı marjına bakıldığında bu takımın herhangi bir maçı 19 sayı fark olmadan kazanmamış olması mümkün müdür?
Evet
Hayır
Cevabınızı açıklayınız."
MAT/MA156-Points,1,5,Turkish,tur-TUR,"C
(
)
x2
yx
√x
1/x
π
÷
7
8
9
x
4
5
6
–
1
2
3
+
0
.
+/-
="
