unit,page,language_name,lang_code,text
R557-CowsMilk,1,Russian,rus-KAZ,"PISA
Коровье молоко Введение
Прочитайте введение.  Затем кликните мышью по кнопке «ДАЛЕЕ».
В некоторых местах, например, в Соединённых Штатах Америки, очень многие пьют коровье молоко.
Представьте себе, что трое учащихся – Анна, Кристофер и Сэм – сидят в американской кофейне. Хозяин кофейни недавно повесил в витрине объявление: «После 5-го апреля мы перестаём подавать коровье молоко. Вместо него мы предлагаем заменитель молока, сделанный из сои».
Анне, Кристоферу и Сэму любопытно, почему в кофейне перестают подавать коровье молоко, поэтому Анна со своего смартфона выходит в Интернет и вводит в поисковой строке словосочетание «коровье молоко».  Они просматривают первые результаты поиска и обсуждают их.
Кликните мышью по кнопке «ДАЛЕЕ», чтобы прочитать первый источник."
R557-CowsMilk,2,Russian,rus-KAZ,"PISA
Прямо с фермы
Коровье молоко Вопрос 1 / 7
Посмотрите на задание «Молочные продукты прямо с фермы» справа.  Выберите ответ и кликните по нему мышью.
С каким из утверждений, по словам IDFA, согласны ведущие специалисты и организации в области здравоохранения?
Употребление молока и молочной продукции приводит к ожирению.
Молоко – хороший источник важнейших витаминов и минералов.
Молоко содержит больше витаминов, чем минералов.
Употребление молока – наиболее частая причина остеопороза.
www.pryamo_s_fermy.kz
«МОЛОЧНЫЕ ПРОДУКТЫ ПРЯМО С ФЕРМЫ»
О нас
Продукция
Питание
Пищевая ценность молока: Огромная польза!
Молочная продукция марки «Молочные продукты прямо с фермы» содержит основные питательные вещества: кальций, протеины, витамин D, витамин B12, рибофлавин и калий. Эти витамины и минералы делают молочную продукцию марки «Молочные продукты прямо с фермы» важной составляющей здорового питания. Ежедневное употребление молочной продукции марки «Молочные продукты прямо с фермы» – прекрасный способ обеспечить Ваш организм всеми необходимыми ему витаминами и минералами.
Употребление молочной продукции марки «Молочные продукты прямо с  фермы» помогает сбросить лишний вес и поддерживать здоровую массу тела. Молоко укрепляет кости и увеличивает их плотность. Оно даже укрепляет сердечно-сосудистую систему и помогает предотвратить рак. Один стакан молока наполнен витаминами и минералами и приносит огромную пользу здоровью.
По словам Билла Сирса, доктора медицинских наук, профессора клинической педиатрии Калифорнийского университета в Ирвайне, молоко содержит многие из важнейших питательных веществ.  Международная ассоциация производителей молочных продуктов (IDFA – The International Dairy Foods Association) поддерживает это мнение. Кроме того, IDFA предполагает, что с этим согласятся многие специалисты и организации в области здравоохранения.
Молоко содержит полный набор из девяти важнейших питательных веществ. Помимо того, что оно является великолепным источником кальция и витамина D, оно представляет собой отличный источник витамина А, протеина и калия. Молочные продукты рекомендованы врачами. Роль молочных продуктов в здоровом питании уже давно признана специалистами-диетологами и научным сообществом. Этого мнения придерживаются, в частности, Национальный фонд остеопороза США, Главный хирург США, Национальные институты здравоохранения США, Совет по делам науки Американской медицинской ассоциации и многие другие ведущие организации в области здравоохранения.
Международная ассоциация производителей молочной продукции, 27 сентября 2007 г."
R557-CowsMilk,3,Russian,rus-KAZ,"PISA
Прямо с фермы
Коровье молоко Вопрос 2 / 7
Посмотрите на задание «Молочные продукты прямо с фермы» справа.  Выберите ответ и кликните по нему мышью.
Какова основная цель данного текста?
Заявить, что молочная продукция помогает сбросить лишний вес.
Сравнить молочную продукцию марки «Молочные продукты прямо с фермы» с другими марками молочной продукции.
Рассказать читателям о рисках, связанных с заболеваниями сердца.
Поддержать потребление продукции марки «Молочные продукты прямо с фермы».
www.pryamo_s_fermy.kz
«МОЛОЧНЫЕ ПРОДУКТЫ ПРЯМО С ФЕРМЫ»
О нас
Продукция
Питание
Пищевая ценность молока: Огромная польза!
Молочная продукция марки «Молочные продукты прямо с фермы» содержит основные питательные вещества: кальций, протеины, витамин D, витамин B12, рибофлавин и калий. Эти витамины и минералы делают молочную продукцию марки «Молочные продукты прямо с фермы» важной составляющей здорового питания. Ежедневное употребление молочной продукции марки «Молочные продукты прямо с фермы» – прекрасный способ обеспечить Ваш организм всеми необходимыми ему витаминами и минералами.
Употребление молочной продукции марки «Молочные продукты прямо с  фермы» помогает сбросить лишний вес и поддерживать здоровую массу тела. Молоко укрепляет кости и увеличивает их плотность. Оно даже укрепляет сердечно-сосудистую систему и помогает предотвратить рак. Один стакан молока наполнен витаминами и минералами и приносит огромную пользу здоровью.
По словам Билла Сирса, доктора медицинских наук, профессора клинической педиатрии Калифорнийского университета в Ирвайне, молоко содержит многие из важнейших питательных веществ.  Международная ассоциация производителей молочных продуктов (IDFA – The International Dairy Foods Association) поддерживает это мнение. Кроме того, IDFA предполагает, что с этим согласятся многие специалисты и организации в области здравоохранения.
Молоко содержит полный набор из девяти важнейших питательных веществ. Помимо того, что оно является великолепным источником кальция и витамина D, оно представляет собой отличный источник витамина А, протеина и калия. Молочные продукты рекомендованы врачами. Роль молочных продуктов в здоровом питании уже давно признана специалистами-диетологами и научным сообществом. Этого мнения придерживаются, в частности, Национальный фонд остеопороза США, Главный хирург США, Национальные институты здравоохранения США, Совет по делам науки Американской медицинской ассоциации и многие другие ведущие организации в области здравоохранения.
Международная ассоциация производителей молочной продукции, 27 сентября 2007 г."
R557-CowsMilk,4,Russian,rus-KAZ,"PISA
Коровье молоко
Прочитайте информацию, приведённую ниже.  Затем кликните мышью по кнопке «ДАЛЕЕ».
Анна, Кристофер и Сэм обсуждают решение хозяина кофейни перестать продавать коровье молоко. Сэм говорит: «Возможно, коровье молоко становится слишком дорогим». Кристофер смотрит на экран своего смартфона. «Возможно, но я тут тоже поискал информацию о коровьем молоке. Я пришлю вам смс со ссылкой на недавнюю статью, которая может всё объяснить».
Анна и Сэм заходят на сайт по присланной Кристофером ссылке и читают статью «Просто скажите «нет» коровьему молоку!»
Кликните мышью по кнопке «ДАЛЕЕ», чтобы прочитать второй источник."
R557-CowsMilk,5,Russian,rus-KAZ,"PISA
Прямо с фермы
Просто скажите «нет»
Коровье молоко Вопрос 3 / 7
Посмотрите на задание «Просто скажите «нет» коровьему молоку!» справа.  Выберите ответы в таблице и кликните по ним мышью.
Могут ли следующие утверждения представлять собой цель, с которой доктор Гарза написал эту статью?  Кликните мышью по одному из слов «Да» или «Нет» для каждого утверждения.
Может ли данное утверждение представлять собой цель написания этой статьи?
Да
Нет
Поставить под сомнение пользу молочных продуктов для здоровья в целом.
Призвать людей немедленно прекратить употребление молока.
Обсудить данные различных исследований коровьего молока.
Указать на то, что молоко и другие молочные продукты недостаточно изучены.
www.pryamo_s_fermy.kz
«МОЛОЧНЫЕ ПРОДУКТЫ ПРЯМО С ФЕРМЫ»
О нас
Продукция
Питание
Пищевая ценность молока: Огромная польза!
Молочная продукция марки «Молочные продукты прямо с фермы» содержит основные питательные вещества: кальций, протеины, витамин D, витамин B12, рибофлавин и калий. Эти витамины и минералы делают молочную продукцию марки «Молочные продукты прямо с фермы» важной составляющей здорового питания. Ежедневное употребление молочной продукции марки «Молочные продукты прямо с фермы» – прекрасный способ обеспечить Ваш организм всеми необходимыми ему витаминами и минералами.
Употребление молочной продукции марки «Молочные продукты прямо с  фермы» помогает сбросить лишний вес и поддерживать здоровую массу тела. Молоко укрепляет кости и увеличивает их плотность. Оно даже укрепляет сердечно-сосудистую систему и помогает предотвратить рак. Один стакан молока наполнен витаминами и минералами и приносит огромную пользу здоровью.
По словам Билла Сирса, доктора медицинских наук, профессора клинической педиатрии Калифорнийского университета в Ирвайне, молоко содержит многие из важнейших питательных веществ.  Международная ассоциация производителей молочных продуктов (IDFA – The International Dairy Foods Association) поддерживает это мнение. Кроме того, IDFA предполагает, что с этим согласятся многие специалисты и организации в области здравоохранения.
Молоко содержит полный набор из девяти важнейших питательных веществ. Помимо того, что оно является великолепным источником кальция и витамина D, оно представляет собой отличный источник витамина А, протеина и калия. Молочные продукты рекомендованы врачами. Роль молочных продуктов в здоровом питании уже давно признана специалистами-диетологами и научным сообществом. Этого мнения придерживаются, в частности, Национальный фонд остеопороза США, Главный хирург США, Национальные институты здравоохранения США, Совет по делам науки Американской медицинской ассоциации и многие другие ведущие организации в области здравоохранения.
Международная ассоциация производителей молочной продукции, 27 сентября 2007 г.
www.statyaozdorovii.kz/moloko
СТАТЬИ О ЗДОРОВЬЕ
ПРОСТО СКАЖИТЕ «НЕТ» КОРОВЬЕМУ МОЛОКУ!
Репортёр отдела здравоохранения, доктор Р. Гарза
Коровье молоко играет большую роль в жизни многих жителей Соединённых Штатов Америки. Младенцы пьют коровье молоко из бутылочек. Дети едят кукурузные хлопья, размоченные в коровьем молоке. Даже взрослые время от времени с удовольствием выпивают стакан холодного молока. Да, коровье молоко занимает значительное место в питании людей по всему миру. Тем не менее, всё больше исследований позволяют полагать, что коровье молоко, возможно, не «несёт организму добро», как об этом говорится в известном американском рекламном слогане.
Министерство сельского хозяйства США, Американский Совет по молочным продуктам, Корпорация молочных продуктов и прочие организации много лет усердно пропагандировали употребление молока. Они призывают взрослых людей выпивать хотя бы по три стакана молока в день. Однако ряд работ, проведённых в последние десять лет, ставят под сомнение способность молока укреплять кости, а также некоторые другие утверждения о пользе молока. Их результаты могут поразить вас.
Одна из последних и наиболее важных работ о влиянии употребления коровьего молока была опубликована в номере British Medical Journal («Британский медицинский журнал») за октябрь 2014 года. Полученные в этом исследовании данные позволили сделать ряд серьёзных выводов об употреблении молока. В ходе этого исследования в Швеции на протяжении 20-30 лет наблюдались более 100 000 человек. Исследователи установили, что женщины, употреблявшие молоко, чаще страдали от переломов костей. Более того, и мужчины, и женщины, употреблявшие молоко, были более предрасположены к сердечно-сосудистым и раковым заболеваниям. Эти ошеломляющие результаты схожи с результатами других исследований.
Комитет врачей за ответственную медицину (PCRM – Physicians Committee for Responsible Medicine) высказал своё мнение относительно некоторых проблем со здоровьем, связанных с употреблением молока. Он утверждает, что молоко и молочные продукты «приносят костям лишь незначительную пользу или не приносят вообще никакой». Более того, PCRM описывает некоторые конкретные проблемы, связанные с молоком:
«Молочные протеины, молочный сахар, жиры и насыщенные жиры, содержащиеся в молочных продуктах, опасны для здоровья детей и способствуют развитию ожирения, диабета и заболеваний сердца».
Это серьёзные заявления, и для того, чтобы подтвердить эти данные, понадобятся дополнительные исследования. Тем не менее, появляется всё больше доказательств того, что употребление коровьего молока не столь полезно для нашего здоровья, как предполагалось ранее. Если эти заявления станут неоспоримыми фактами, то, возможно, настанет время просто сказать «нет» коровьему молоку."
R557-CowsMilk,6,Russian,rus-KAZ,"PISA
Прямо с фермы
Просто скажите «нет»
Коровье молоко Вопрос 4 / 7
Посмотрите на задание «Просто скажите «нет» коровьему молоку!» справа.  Напечатайте Ваш ответ на вопрос.
Доктор Гарза описывает некоторые результаты исследований, которые могут «поразить» читателей.
Укажите один из них.
www.pryamo_s_fermy.kz
«МОЛОЧНЫЕ ПРОДУКТЫ ПРЯМО С ФЕРМЫ»
О нас
Продукция
Питание
Пищевая ценность молока: Огромная польза!
Молочная продукция марки «Молочные продукты прямо с фермы» содержит основные питательные вещества: кальций, протеины, витамин D, витамин B12, рибофлавин и калий. Эти витамины и минералы делают молочную продукцию марки «Молочные продукты прямо с фермы» важной составляющей здорового питания. Ежедневное употребление молочной продукции марки «Молочные продукты прямо с фермы» – прекрасный способ обеспечить Ваш организм всеми необходимыми ему витаминами и минералами.
Употребление молочной продукции марки «Молочные продукты прямо с  фермы» помогает сбросить лишний вес и поддерживать здоровую массу тела. Молоко укрепляет кости и увеличивает их плотность. Оно даже укрепляет сердечно-сосудистую систему и помогает предотвратить рак. Один стакан молока наполнен витаминами и минералами и приносит огромную пользу здоровью.
По словам Билла Сирса, доктора медицинских наук, профессора клинической педиатрии Калифорнийского университета в Ирвайне, молоко содержит многие из важнейших питательных веществ.  Международная ассоциация производителей молочных продуктов (IDFA – The International Dairy Foods Association) поддерживает это мнение. Кроме того, IDFA предполагает, что с этим согласятся многие специалисты и организации в области здравоохранения.
Молоко содержит полный набор из девяти важнейших питательных веществ. Помимо того, что оно является великолепным источником кальция и витамина D, оно представляет собой отличный источник витамина А, протеина и калия. Молочные продукты рекомендованы врачами. Роль молочных продуктов в здоровом питании уже давно признана специалистами-диетологами и научным сообществом. Этого мнения придерживаются, в частности, Национальный фонд остеопороза США, Главный хирург США, Национальные институты здравоохранения США, Совет по делам науки Американской медицинской ассоциации и многие другие ведущие организации в области здравоохранения.
Международная ассоциация производителей молочной продукции, 27 сентября 2007 г.
www.statyaozdorovii.kz/moloko
СТАТЬИ О ЗДОРОВЬЕ
ПРОСТО СКАЖИТЕ «НЕТ» КОРОВЬЕМУ МОЛОКУ!
Репортёр отдела здравоохранения, доктор Р. Гарза
Коровье молоко играет большую роль в жизни многих жителей Соединённых Штатов Америки. Младенцы пьют коровье молоко из бутылочек. Дети едят кукурузные хлопья, размоченные в коровьем молоке. Даже взрослые время от времени с удовольствием выпивают стакан холодного молока. Да, коровье молоко занимает значительное место в питании людей по всему миру. Тем не менее, всё больше исследований позволяют полагать, что коровье молоко, возможно, не «несёт организму добро», как об этом говорится в известном американском рекламном слогане.
Министерство сельского хозяйства США, Американский Совет по молочным продуктам, Корпорация молочных продуктов и прочие организации много лет усердно пропагандировали употребление молока. Они призывают взрослых людей выпивать хотя бы по три стакана молока в день. Однако ряд работ, проведённых в последние десять лет, ставят под сомнение способность молока укреплять кости, а также некоторые другие утверждения о пользе молока. Их результаты могут поразить вас.
Одна из последних и наиболее важных работ о влиянии употребления коровьего молока была опубликована в номере British Medical Journal («Британский медицинский журнал») за октябрь 2014 года. Полученные в этом исследовании данные позволили сделать ряд серьёзных выводов об употреблении молока. В ходе этого исследования в Швеции на протяжении 20-30 лет наблюдались более 100 000 человек. Исследователи установили, что женщины, употреблявшие молоко, чаще страдали от переломов костей. Более того, и мужчины, и женщины, употреблявшие молоко, были более предрасположены к сердечно-сосудистым и раковым заболеваниям. Эти ошеломляющие результаты схожи с результатами других исследований.
Комитет врачей за ответственную медицину (PCRM – Physicians Committee for Responsible Medicine) высказал своё мнение относительно некоторых проблем со здоровьем, связанных с употреблением молока. Он утверждает, что молоко и молочные продукты «приносят костям лишь незначительную пользу или не приносят вообще никакой». Более того, PCRM описывает некоторые конкретные проблемы, связанные с молоком:
«Молочные протеины, молочный сахар, жиры и насыщенные жиры, содержащиеся в молочных продуктах, опасны для здоровья детей и способствуют развитию ожирения, диабета и заболеваний сердца».
Это серьёзные заявления, и для того, чтобы подтвердить эти данные, понадобятся дополнительные исследования. Тем не менее, появляется всё больше доказательств того, что употребление коровьего молока не столь полезно для нашего здоровья, как предполагалось ранее. Если эти заявления станут неоспоримыми фактами, то, возможно, настанет время просто сказать «нет» коровьему молоку."
R557-CowsMilk,7,Russian,rus-KAZ,"PISA
Прямо с фермы
Просто скажите «нет»
Коровье молоко Вопрос 5 / 7
Посмотрите на оба источника справа, нажимая на каждую из вкладок.  Выберите ответы в таблице и кликните по ним мышью.
Согласно этим двум текстам о молоке, являются ли утверждения из приведённой ниже таблицы фактами или мнениями? Кликните мышью по «Факту» или «Мнению» для каждого утверждения.
Является ли данное утверждение фактом или мнением?
Факт
Мнение
Результаты недавних исследований о пользе молока поражают.
Исследования показали, что употребление молока отрицательно влияет на здоровье.
В ряде работ ставится под сомнение способность молока укреплять кости.
Употребление молока и других молочных продуктов – лучший способ сбросить лишний вес.
www.pryamo_s_fermy.kz
«МОЛОЧНЫЕ ПРОДУКТЫ ПРЯМО С ФЕРМЫ»
О нас
Продукция
Питание
Пищевая ценность молока: Огромная польза!
Молочная продукция марки «Молочные продукты прямо с фермы» содержит основные питательные вещества: кальций, протеины, витамин D, витамин B12, рибофлавин и калий. Эти витамины и минералы делают молочную продукцию марки «Молочные продукты прямо с фермы» важной составляющей здорового питания. Ежедневное употребление молочной продукции марки «Молочные продукты прямо с фермы» – прекрасный способ обеспечить Ваш организм всеми необходимыми ему витаминами и минералами.
Употребление молочной продукции марки «Молочные продукты прямо с  фермы» помогает сбросить лишний вес и поддерживать здоровую массу тела. Молоко укрепляет кости и увеличивает их плотность. Оно даже укрепляет сердечно-сосудистую систему и помогает предотвратить рак. Один стакан молока наполнен витаминами и минералами и приносит огромную пользу здоровью.
По словам Билла Сирса, доктора медицинских наук, профессора клинической педиатрии Калифорнийского университета в Ирвайне, молоко содержит многие из важнейших питательных веществ.  Международная ассоциация производителей молочных продуктов (IDFA – The International Dairy Foods Association) поддерживает это мнение. Кроме того, IDFA предполагает, что с этим согласятся многие специалисты и организации в области здравоохранения.
Молоко содержит полный набор из девяти важнейших питательных веществ. Помимо того, что оно является великолепным источником кальция и витамина D, оно представляет собой отличный источник витамина А, протеина и калия. Молочные продукты рекомендованы врачами. Роль молочных продуктов в здоровом питании уже давно признана специалистами-диетологами и научным сообществом. Этого мнения придерживаются, в частности, Национальный фонд остеопороза США, Главный хирург США, Национальные институты здравоохранения США, Совет по делам науки Американской медицинской ассоциации и многие другие ведущие организации в области здравоохранения.
Международная ассоциация производителей молочной продукции, 27 сентября 2007 г.
www.statyaozdorovii.kz/moloko
СТАТЬИ О ЗДОРОВЬЕ
ПРОСТО СКАЖИТЕ «НЕТ» КОРОВЬЕМУ МОЛОКУ!
Репортёр отдела здравоохранения, доктор Р. Гарза
Коровье молоко играет большую роль в жизни многих жителей Соединённых Штатов Америки. Младенцы пьют коровье молоко из бутылочек. Дети едят кукурузные хлопья, размоченные в коровьем молоке. Даже взрослые время от времени с удовольствием выпивают стакан холодного молока. Да, коровье молоко занимает значительное место в питании людей по всему миру. Тем не менее, всё больше исследований позволяют полагать, что коровье молоко, возможно, не «несёт организму добро», как об этом говорится в известном американском рекламном слогане.
Министерство сельского хозяйства США, Американский Совет по молочным продуктам, Корпорация молочных продуктов и прочие организации много лет усердно пропагандировали употребление молока. Они призывают взрослых людей выпивать хотя бы по три стакана молока в день. Однако ряд работ, проведённых в последние десять лет, ставят под сомнение способность молока укреплять кости, а также некоторые другие утверждения о пользе молока. Их результаты могут поразить вас.
Одна из последних и наиболее важных работ о влиянии употребления коровьего молока была опубликована в номере British Medical Journal («Британский медицинский журнал») за октябрь 2014 года. Полученные в этом исследовании данные позволили сделать ряд серьёзных выводов об употреблении молока. В ходе этого исследования в Швеции на протяжении 20-30 лет наблюдались более 100 000 человек. Исследователи установили, что женщины, употреблявшие молоко, чаще страдали от переломов костей. Более того, и мужчины, и женщины, употреблявшие молоко, были более предрасположены к сердечно-сосудистым и раковым заболеваниям. Эти ошеломляющие результаты схожи с результатами других исследований.
Комитет врачей за ответственную медицину (PCRM – Physicians Committee for Responsible Medicine) высказал своё мнение относительно некоторых проблем со здоровьем, связанных с употреблением молока. Он утверждает, что молоко и молочные продукты «приносят костям лишь незначительную пользу или не приносят вообще никакой». Более того, PCRM описывает некоторые конкретные проблемы, связанные с молоком:
«Молочные протеины, молочный сахар, жиры и насыщенные жиры, содержащиеся в молочных продуктах, опасны для здоровья детей и способствуют развитию ожирения, диабета и заболеваний сердца».
Это серьёзные заявления, и для того, чтобы подтвердить эти данные, понадобятся дополнительные исследования. Тем не менее, появляется всё больше доказательств того, что употребление коровьего молока не столь полезно для нашего здоровья, как предполагалось ранее. Если эти заявления станут неоспоримыми фактами, то, возможно, настанет время просто сказать «нет» коровьему молоку."
R557-CowsMilk,8,Russian,rus-KAZ,"PISA
Прямо с фермы
Просто скажите «нет»
Коровье молоко Вопрос 6 / 7
Посмотрите на оба источника справа, нажимая на каждую из вкладок.  Выберите ответ и кликните по нему мышью.
Авторы этих двух текстов расходятся во мнениях о роли молока в повседневном питании.
По какому основному вопросу расходятся мнения авторов?
О влиянии молока на здоровье и его роли в питании человека.
О количестве витаминов и минералов, содержащихся в молоке.
О лучшем виде молочных продуктов для постоянного употребления.
О том, какая организация наиболее авторитетна в вопросах, связанных с молоком.
www.pryamo_s_fermy.kz
«МОЛОЧНЫЕ ПРОДУКТЫ ПРЯМО С ФЕРМЫ»
О нас
Продукция
Питание
Пищевая ценность молока: Огромная польза!
Молочная продукция марки «Молочные продукты прямо с фермы» содержит основные питательные вещества: кальций, протеины, витамин D, витамин B12, рибофлавин и калий. Эти витамины и минералы делают молочную продукцию марки «Молочные продукты прямо с фермы» важной составляющей здорового питания. Ежедневное употребление молочной продукции марки «Молочные продукты прямо с фермы» – прекрасный способ обеспечить Ваш организм всеми необходимыми ему витаминами и минералами.
Употребление молочной продукции марки «Молочные продукты прямо с  фермы» помогает сбросить лишний вес и поддерживать здоровую массу тела. Молоко укрепляет кости и увеличивает их плотность. Оно даже укрепляет сердечно-сосудистую систему и помогает предотвратить рак. Один стакан молока наполнен витаминами и минералами и приносит огромную пользу здоровью.
По словам Билла Сирса, доктора медицинских наук, профессора клинической педиатрии Калифорнийского университета в Ирвайне, молоко содержит многие из важнейших питательных веществ.  Международная ассоциация производителей молочных продуктов (IDFA – The International Dairy Foods Association) поддерживает это мнение. Кроме того, IDFA предполагает, что с этим согласятся многие специалисты и организации в области здравоохранения.
Молоко содержит полный набор из девяти важнейших питательных веществ. Помимо того, что оно является великолепным источником кальция и витамина D, оно представляет собой отличный источник витамина А, протеина и калия. Молочные продукты рекомендованы врачами. Роль молочных продуктов в здоровом питании уже давно признана специалистами-диетологами и научным сообществом. Этого мнения придерживаются, в частности, Национальный фонд остеопороза США, Главный хирург США, Национальные институты здравоохранения США, Совет по делам науки Американской медицинской ассоциации и многие другие ведущие организации в области здравоохранения.
Международная ассоциация производителей молочной продукции, 27 сентября 2007 г.
www.statyaozdorovii.kz/moloko
СТАТЬИ О ЗДОРОВЬЕ
ПРОСТО СКАЖИТЕ «НЕТ» КОРОВЬЕМУ МОЛОКУ!
Репортёр отдела здравоохранения, доктор Р. Гарза
Коровье молоко играет большую роль в жизни многих жителей Соединённых Штатов Америки. Младенцы пьют коровье молоко из бутылочек. Дети едят кукурузные хлопья, размоченные в коровьем молоке. Даже взрослые время от времени с удовольствием выпивают стакан холодного молока. Да, коровье молоко занимает значительное место в питании людей по всему миру. Тем не менее, всё больше исследований позволяют полагать, что коровье молоко, возможно, не «несёт организму добро», как об этом говорится в известном американском рекламном слогане.
Министерство сельского хозяйства США, Американский Совет по молочным продуктам, Корпорация молочных продуктов и прочие организации много лет усердно пропагандировали употребление молока. Они призывают взрослых людей выпивать хотя бы по три стакана молока в день. Однако ряд работ, проведённых в последние десять лет, ставят под сомнение способность молока укреплять кости, а также некоторые другие утверждения о пользе молока. Их результаты могут поразить вас.
Одна из последних и наиболее важных работ о влиянии употребления коровьего молока была опубликована в номере British Medical Journal («Британский медицинский журнал») за октябрь 2014 года. Полученные в этом исследовании данные позволили сделать ряд серьёзных выводов об употреблении молока. В ходе этого исследования в Швеции на протяжении 20-30 лет наблюдались более 100 000 человек. Исследователи установили, что женщины, употреблявшие молоко, чаще страдали от переломов костей. Более того, и мужчины, и женщины, употреблявшие молоко, были более предрасположены к сердечно-сосудистым и раковым заболеваниям. Эти ошеломляющие результаты схожи с результатами других исследований.
Комитет врачей за ответственную медицину (PCRM – Physicians Committee for Responsible Medicine) высказал своё мнение относительно некоторых проблем со здоровьем, связанных с употреблением молока. Он утверждает, что молоко и молочные продукты «приносят костям лишь незначительную пользу или не приносят вообще никакой». Более того, PCRM описывает некоторые конкретные проблемы, связанные с молоком:
«Молочные протеины, молочный сахар, жиры и насыщенные жиры, содержащиеся в молочных продуктах, опасны для здоровья детей и способствуют развитию ожирения, диабета и заболеваний сердца».
Это серьёзные заявления, и для того, чтобы подтвердить эти данные, понадобятся дополнительные исследования. Тем не менее, появляется всё больше доказательств того, что употребление коровьего молока не столь полезно для нашего здоровья, как предполагалось ранее. Если эти заявления станут неоспоримыми фактами, то, возможно, настанет время просто сказать «нет» коровьему молоку."
R557-CowsMilk,9,Russian,rus-KAZ,"PISA
Прямо с фермы
Просто скажите «нет»
Коровье молоко Вопрос 7 / 7
Посмотрите на оба источника справа, нажимая на каждую из вкладок.  Выберите ответ, кликните по нему мышью, а затем напечатайте пояснение к Вашему ответу.
Анна, Кристофер и Сэм обсуждают два текста, которые они прочитали.
Кристофер: Неважно, что делает хозяин кофейни, а я буду и дальше пить молоко каждый день. Оно на самом деле полезно людям.
Анна: А я нет! Теперь  буду пить его гораздо меньше, раз оно не слишком полезно людям.
Сэм: А вот я не знаю, но думаю, что нам надо узнать побольше, прежде чем делать выводы.
С кем вы согласны?
С Кристофером
С Анной
С Сэмом
Объясните свой ответ.   Воспользуйтесь информацией хотя бы одного из текстов.
www.pryamo_s_fermy.kz
«МОЛОЧНЫЕ ПРОДУКТЫ ПРЯМО С ФЕРМЫ»
О нас
Продукция
Питание
Пищевая ценность молока: Огромная польза!
Молочная продукция марки «Молочные продукты прямо с фермы» содержит основные питательные вещества: кальций, протеины, витамин D, витамин B12, рибофлавин и калий. Эти витамины и минералы делают молочную продукцию марки «Молочные продукты прямо с фермы» важной составляющей здорового питания. Ежедневное употребление молочной продукции марки «Молочные продукты прямо с фермы» – прекрасный способ обеспечить Ваш организм всеми необходимыми ему витаминами и минералами.
Употребление молочной продукции марки «Молочные продукты прямо с  фермы» помогает сбросить лишний вес и поддерживать здоровую массу тела. Молоко укрепляет кости и увеличивает их плотность. Оно даже укрепляет сердечно-сосудистую систему и помогает предотвратить рак. Один стакан молока наполнен витаминами и минералами и приносит огромную пользу здоровью.
По словам Билла Сирса, доктора медицинских наук, профессора клинической педиатрии Калифорнийского университета в Ирвайне, молоко содержит многие из важнейших питательных веществ.  Международная ассоциация производителей молочных продуктов (IDFA – The International Dairy Foods Association) поддерживает это мнение. Кроме того, IDFA предполагает, что с этим согласятся многие специалисты и организации в области здравоохранения.
Молоко содержит полный набор из девяти важнейших питательных веществ. Помимо того, что оно является великолепным источником кальция и витамина D, оно представляет собой отличный источник витамина А, протеина и калия. Молочные продукты рекомендованы врачами. Роль молочных продуктов в здоровом питании уже давно признана специалистами-диетологами и научным сообществом. Этого мнения придерживаются, в частности, Национальный фонд остеопороза США, Главный хирург США, Национальные институты здравоохранения США, Совет по делам науки Американской медицинской ассоциации и многие другие ведущие организации в области здравоохранения.
Международная ассоциация производителей молочной продукции, 27 сентября 2007 г.
www.statyaozdorovii.kz/moloko
СТАТЬИ О ЗДОРОВЬЕ
ПРОСТО СКАЖИТЕ «НЕТ» КОРОВЬЕМУ МОЛОКУ!
Репортёр отдела здравоохранения, доктор Р. Гарза
Коровье молоко играет большую роль в жизни многих жителей Соединённых Штатов Америки. Младенцы пьют коровье молоко из бутылочек. Дети едят кукурузные хлопья, размоченные в коровьем молоке. Даже взрослые время от времени с удовольствием выпивают стакан холодного молока. Да, коровье молоко занимает значительное место в питании людей по всему миру. Тем не менее, всё больше исследований позволяют полагать, что коровье молоко, возможно, не «несёт организму добро», как об этом говорится в известном американском рекламном слогане.
Министерство сельского хозяйства США, Американский Совет по молочным продуктам, Корпорация молочных продуктов и прочие организации много лет усердно пропагандировали употребление молока. Они призывают взрослых людей выпивать хотя бы по три стакана молока в день. Однако ряд работ, проведённых в последние десять лет, ставят под сомнение способность молока укреплять кости, а также некоторые другие утверждения о пользе молока. Их результаты могут поразить вас.
Одна из последних и наиболее важных работ о влиянии употребления коровьего молока была опубликована в номере British Medical Journal («Британский медицинский журнал») за октябрь 2014 года. Полученные в этом исследовании данные позволили сделать ряд серьёзных выводов об употреблении молока. В ходе этого исследования в Швеции на протяжении 20-30 лет наблюдались более 100 000 человек. Исследователи установили, что женщины, употреблявшие молоко, чаще страдали от переломов костей. Более того, и мужчины, и женщины, употреблявшие молоко, были более предрасположены к сердечно-сосудистым и раковым заболеваниям. Эти ошеломляющие результаты схожи с результатами других исследований.
Комитет врачей за ответственную медицину (PCRM – Physicians Committee for Responsible Medicine) высказал своё мнение относительно некоторых проблем со здоровьем, связанных с употреблением молока. Он утверждает, что молоко и молочные продукты «приносят костям лишь незначительную пользу или не приносят вообще никакой». Более того, PCRM описывает некоторые конкретные проблемы, связанные с молоком:
«Молочные протеины, молочный сахар, жиры и насыщенные жиры, содержащиеся в молочных продуктах, опасны для здоровья детей и способствуют развитию ожирения, диабета и заболеваний сердца».
Это серьёзные заявления, и для того, чтобы подтвердить эти данные, понадобятся дополнительные исследования. Тем не менее, появляется всё больше доказательств того, что употребление коровьего молока не столь полезно для нашего здоровья, как предполагалось ранее. Если эти заявления станут неоспоримыми фактами, то, возможно, настанет время просто сказать «нет» коровьему молоку."
R557-CowsMilk,10,Russian,rus-KAZ,"PISA
Прямо с фермы
Просто скажите «нет»
Коровье молоко Вопрос 7 / 7
Посмотрите на оба источника справа, нажимая на каждую из вкладок.  Выберите ответ, кликните по нему мышью, а затем напечатайте пояснение к Вашему ответу.
Анна, Кристофер и Сэм обсуждают два текста, которые они прочитали.
Кристофер: Неважно, что делает хозяин кофейни, а я буду и дальше пить молоко каждый день. Оно на самом деле полезно людям.
Анна: А я нет! Теперь  буду пить его гораздо меньше, раз оно не слишком полезно людям.
Сэм: А вот я не знаю, но думаю, что нам надо узнать побольше, прежде чем делать выводы.
С кем вы согласны?
С Кристофером
С Анной
С Сэмом
Объясните свой ответ.   Воспользуйтесь информацией хотя бы одного из текстов.
www.pryamo_s_fermy.kz
«МОЛОЧНЫЕ ПРОДУКТЫ ПРЯМО С ФЕРМЫ»
О нас
Продукция
Питание
Пищевая ценность молока: Огромная польза!
Молочная продукция марки «Молочные продукты прямо с фермы» содержит основные питательные вещества: кальций, протеины, витамин D, витамин B12, рибофлавин и калий. Эти витамины и минералы делают молочную продукцию марки «Молочные продукты прямо с фермы» важной составляющей здорового питания. Ежедневное употребление молочной продукции марки «Молочные продукты прямо с фермы» – прекрасный способ обеспечить Ваш организм всеми необходимыми ему витаминами и минералами.
Употребление молочной продукции марки «Молочные продукты прямо с  фермы» помогает сбросить лишний вес и поддерживать здоровую массу тела. Молоко укрепляет кости и увеличивает их плотность. Оно даже укрепляет сердечно-сосудистую систему и помогает предотвратить рак. Один стакан молока наполнен витаминами и минералами и приносит огромную пользу здоровью.
По словам Билла Сирса, доктора медицинских наук, профессора клинической педиатрии Калифорнийского университета в Ирвайне, молоко содержит многие из важнейших питательных веществ.  Международная ассоциация производителей молочных продуктов (IDFA – The International Dairy Foods Association) поддерживает это мнение. Кроме того, IDFA предполагает, что с этим согласятся многие специалисты и организации в области здравоохранения.
Молоко содержит полный набор из девяти важнейших питательных веществ. Помимо того, что оно является великолепным источником кальция и витамина D, оно представляет собой отличный источник витамина А, протеина и калия. Молочные продукты рекомендованы врачами. Роль молочных продуктов в здоровом питании уже давно признана специалистами-диетологами и научным сообществом. Этого мнения придерживаются, в частности, Национальный фонд остеопороза США, Главный хирург США, Национальные институты здравоохранения США, Совет по делам науки Американской медицинской ассоциации и многие другие ведущие организации в области здравоохранения.
Международная ассоциация производителей молочной продукции, 27 сентября 2007 г.
www.statyaozdorovii.kz/moloko
СТАТЬИ О ЗДОРОВЬЕ
ПРОСТО СКАЖИТЕ «НЕТ» КОРОВЬЕМУ МОЛОКУ!
Репортёр отдела здравоохранения, доктор Р. Гарза
Коровье молоко играет большую роль в жизни многих жителей Соединённых Штатов Америки. Младенцы пьют коровье молоко из бутылочек. Дети едят кукурузные хлопья, размоченные в коровьем молоке. Даже взрослые время от времени с удовольствием выпивают стакан холодного молока. Да, коровье молоко занимает значительное место в питании людей по всему миру. Тем не менее, всё больше исследований позволяют полагать, что коровье молоко, возможно, не «несёт организму добро», как об этом говорится в известном американском рекламном слогане.
Министерство сельского хозяйства США, Американский Совет по молочным продуктам, Корпорация молочных продуктов и прочие организации много лет усердно пропагандировали употребление молока. Они призывают взрослых людей выпивать хотя бы по три стакана молока в день. Однако ряд работ, проведённых в последние десять лет, ставят под сомнение способность молока укреплять кости, а также некоторые другие утверждения о пользе молока. Их результаты могут поразить вас.
Одна из последних и наиболее важных работ о влиянии употребления коровьего молока была опубликована в номере British Medical Journal («Британский медицинский журнал») за октябрь 2014 года. Полученные в этом исследовании данные позволили сделать ряд серьёзных выводов об употреблении молока. В ходе этого исследования в Швеции на протяжении 20-30 лет наблюдались более 100 000 человек. Исследователи установили, что женщины, употреблявшие молоко, чаще страдали от переломов костей. Более того, и мужчины, и женщины, употреблявшие молоко, были более предрасположены к сердечно-сосудистым и раковым заболеваниям. Эти ошеломляющие результаты схожи с результатами других исследований.
Комитет врачей за ответственную медицину (PCRM – Physicians Committee for Responsible Medicine) высказал своё мнение относительно некоторых проблем со здоровьем, связанных с употреблением молока. Он утверждает, что молоко и молочные продукты «приносят костям лишь незначительную пользу или не приносят вообще никакой». Более того, PCRM описывает некоторые конкретные проблемы, связанные с молоком:
«Молочные протеины, молочный сахар, жиры и насыщенные жиры, содержащиеся в молочных продуктах, опасны для здоровья детей и способствуют развитию ожирения, диабета и заболеваний сердца».
Это серьёзные заявления, и для того, чтобы подтвердить эти данные, понадобятся дополнительные исследования. Тем не менее, появляется всё больше доказательств того, что употребление коровьего молока не столь полезно для нашего здоровья, как предполагалось ранее. Если эти заявления станут неоспоримыми фактами, то, возможно, настанет время просто сказать «нет» коровьему молоку."
